slot_addr,string_addr,label,is_new
0x08014744,0x09e398dc,gl_common_c_filename,1
0x08014748,0x09e398ec,assert_bright_16_bright_16,1
0x080147c4,0x09e398dc,gl_common_c_filename,1
0x080147c8,0x09e3990c,assert_blend1_0_blend1_16,1
0x080147cc,0x09e39928,assert_blend2_0_blend2_16,1
0x08014828,0x09e398dc,gl_common_c_filename,1
0x0801482c,0x09e398ec,assert_bright_16_bright_16,1
0x080148b8,0x09e398dc,gl_common_c_filename,1
0x080148c0,0x09e3990c,assert_blend1_0_blend1_16,1
0x080148c4,0x09e39928,assert_blend2_0_blend2_16,1
0x08014c4c,0x09e398dc,gl_common_c_filename,1
0x08014c50,0x09e39944,assert_u32_psrc_0x3_0,1
0x08014c88,0x09e398dc,gl_common_c_filename,1
0x08014c90,0x09e39944,assert_u32_psrc_0x3_0,1
0x08014ccc,0x09e398dc,gl_common_c_filename,1
0x08014cd0,0x09e39944,assert_u32_psrc_0x3_0,1
0x08014d08,0x09e398dc,gl_common_c_filename,1
0x08014d10,0x09e39944,assert_u32_psrc_0x3_0,1
0x08014d48,0x09e398dc,gl_common_c_filename,1
0x08014d50,0x09e39944,assert_u32_psrc_0x3_0,1
0x08014d8c,0x09e398dc,gl_common_c_filename,1
0x08014d90,0x09e39944,assert_u32_psrc_0x3_0,1
0x08014dc8,0x09e398dc,gl_common_c_filename,1
0x08014dd0,0x09e39944,assert_u32_psrc_0x3_0,1
0x08014e08,0x09e398dc,gl_common_c_filename,1
0x08014e10,0x09e39944,assert_u32_psrc_0x3_0,1
0x08014e4c,0x09e398dc,gl_common_c_filename,1
0x08014e50,0x09e39944,assert_u32_psrc_0x3_0,1
0x08014f30,0x09e3995c,gl_file_c_filename,1
0x08014f34,0x09e3996c,assert_psrc,1
0x08014f38,0x09e39974,assert_pkey,1
0x080150d8,0x09e3995c,gl_file_c_filename,1
0x080150dc,0x09e399b8,assert_phead_comptype_1,1
0x08015130,0x09e39c50,gl_oam_c_filename,1
0x08015134,0x09e39c5c,assert_num_32,1
0x08015444,0x09e39c68,gl_scrollbar_c_filename,1
0x08015448,0x09e39c7c,assert_pthis,1
0x080154c0,0x09e39c68,gl_scrollbar_c_filename,1
0x080154c4,0x09e39c7c,assert_pthis,1
0x080154e8,0x09e39c68,gl_scrollbar_c_filename,1
0x080154ec,0x09e39c7c,assert_pthis,1
0x0801553c,0x09e39c68,gl_scrollbar_c_filename,1
0x08015540,0x09e39c7c,assert_pthis,1
0x08015570,0x09e39c68,gl_scrollbar_c_filename,1
0x08015574,0x09e39c7c,assert_pthis,1
0x080155b8,0x09e39c68,gl_scrollbar_c_filename,1
0x080155bc,0x09e39c7c,assert_pthis,1
0x080155e0,0x09e39c68,gl_scrollbar_c_filename,1
0x080155e4,0x09e39c7c,assert_pthis,1
0x0801562c,0x09e39c68,gl_scrollbar_c_filename,1
0x08015630,0x09e39c7c,assert_pthis,1
0x08015668,0x09e3a488,ig2d_main_c_filename,1
0x0801566c,0x09e3a498,assert_usedncebuff_ig2d_load_anm_max,1
0x080156a0,0x09e3a488,ig2d_main_c_filename,1
0x080156a4,0x09e3a4b8,assert_usednanbuff_ig2d_load_anm_max,1
0x08015710,0x09e3a488,ig2d_main_c_filename,1
0x08015714,0x09e3a4d8,assert_psequence,1
0x08015914,0x09e3a488,ig2d_main_c_filename,1
0x08015918,0x09e3a4e4,assert_bg_2_bg_3,1
0x08015940,0x09e3a488,ig2d_main_c_filename,1
0x08015a78,0x09e3a488,ig2d_main_c_filename,1
0x08015a7c,0x09e3a4fc,assert_pcell_null,1
0x08015af4,0x09e3a488,ig2d_main_c_filename,1
0x08015afc,0x09e3a510,assert_usedcellanm_nelems_cellanmbank,1
0x08015b58,0x09e3a488,ig2d_main_c_filename,1
0x08015b5c,0x09e3a534,assert_ppcellbank_null,1
0x08015b64,0x09e3a54c,assert_pfname_null,1
0x08015bb8,0x09e3a488,ig2d_main_c_filename,1
0x08015bc0,0x09e3a560,assert_ppanimbank_null,1
0x08015bc4,0x09e3a54c,assert_pfname_null,1
0x08015c14,0x09e3a488,ig2d_main_c_filename,1
0x08015c1c,0x09e3a578,assert_ppchardata_null,1
0x08015c24,0x09e3a54c,assert_pfname_null,1
0x08015c74,0x09e3a488,ig2d_main_c_filename,1
0x08015c7c,0x09e3a590,assert_pppltdata_null,1
0x08015c84,0x09e3a54c,assert_pfname_null,1
0x08015cd0,0x09e3a488,ig2d_main_c_filename,1
0x08015cd8,0x09e3a5a8,assert_psrcdata,1
0x08015ce0,0x09e3a5b4,assert_ppltproxt,1
0x08015d0c,0x09e3a488,ig2d_main_c_filename,1
0x08015d14,0x09e3a5c0,assert_false,1
0x08015e74,0x09e3a488,ig2d_main_c_filename,1
0x08015e7c,0x09e3a5c8,assert_pbuf_null,1
0x08015e88,0x09e3a5dc,assert_ppanimbank_numsequences_0,1
0x08015e90,0x09e3a600,assert_ppcellanim_null,1
0x08015e98,0x09e3a618,assert_ppanimbank_psequencearrayhead,1
0x080160b0,0x09e3a64c,isd_draw_c_filename,1
0x080160ec,0x09e3a64c,isd_draw_c_filename,1
0x08016124,0x09e3a64c,isd_draw_c_filename,1
0x08016510,0x09e3a64c,isd_draw_c_filename,1
0x08016b4c,0x09e3a770,prh_main_c_filename,1
0x08016b50,0x09e3a780,assert_pdst_nameid,1
0x08017b24,0x09e3b2b8,name_main_c_filename,1
0x08017b2c,0x09e3b2d0,assert_cnt_name_mojitbl_width_1_name,1
0x08017fd8,0x09e3b2b8,name_main_c_filename,1
0x08017fdc,0x09e3b348,assert_dir_1_dir_1,1
0x080182b0,0x09e3b2b8,name_main_c_filename,1
0x080182b4,0x09e3b434,assert_anmid_ig2d_getanmsequencescoun,1
0x0801a19c,0x09e3c584,pass_main_c_filename,1
0x0801a1a4,0x09e3c59c,assert_dir_1_dir_1_59c,1
0x0801a4f0,0x09e3c584,pass_main_c_filename,1
0x0801a4f8,0x09e3c670,assert_anmid_ig2d_getanmsequencescoun_670,1
0x0801b754,0x09e3c584,pass_main_c_filename,1
0x0801b75c,0x09e3c6b4,assert_dstbuffid_0_dstbuffid_def_prhl,1
0x0801bb98,0x09e3cf70,shu_main_c_filename,1
0x0801bb9c,0x09e3cf84,assert_anmid_ig2d_getanmsequencescoun_f84,1
0x0801c62c,0x09e3d984,vij_main_c_filename,1
0x0801c630,0x09e3d994,assert_anmid_ig2d_getanmsequencescoun_994,1
0x080e85b4,0x09e49d2c,fx_mtx22_c_filename,1
0x080e85b8,0x09e49d1c,assert_psrc_null,1
0x080e85bc,0x09e49d0c,assert_pdst_null,1
0x080e863c,0x09e49d2c,fx_mtx22_c_filename,1
0x080e8640,0x09e49d1c,assert_psrc_null,1
0x080e8644,0x09e49d0c,assert_pdst_null,1
0x080e8858,0x09e49d2c,fx_mtx22_c_filename,1
0x080e885c,0x09e49d44,assert_a_null,1
0x080e8860,0x09e49d50,assert_b_null,1
0x080e8864,0x09e49d5c,assert_ab_null,1
0x080e88a0,0x09e4a4a8,g2d_animation_c_filename,1
0x080e88a4,0x09e4a500,assert_pfunctor,1
0x080e89f4,0x09e4a4a8,g2d_animation_c_filename,1
0x080e89f8,0x09e4a49c,assert_panimctrl,1
0x080e89fc,0x09e4a4d0,assert_panimctrl_panimsequence,1
0x080e8a00,0x09e4a50c,assert_pframe,1
0x080e8a04,0x09e4a4c4,assert_psequence_4c4,1
0x080e8a08,0x09e4a514,assert_panimctrl_callbackfunctor_pfun,1
0x080e8ac8,0x09e4a4a8,g2d_animation_c_filename,1
0x080e8acc,0x09e4a49c,assert_panimctrl,1
0x080e8ad0,0x09e4a514,assert_panimctrl_callbackfunctor_pfun,1
0x080e8ad4,0x09e4a4d0,assert_panimctrl_panimsequence,1
0x080e8ad8,0x09e4a474,g2d_animation_inline_h_filename,1
0x080e8b24,0x09e4a4a8,g2d_animation_c_filename,1
0x080e8b28,0x09e4a4c4,assert_psequence_4c4,1
0x080e8b64,0x09e4a4a8,g2d_animation_c_filename,1
0x080e8b68,0x09e4a4c4,assert_psequence_4c4,1
0x080e8ba8,0x09e4a4a8,g2d_animation_c_filename,1
0x080e8bac,0x09e4a49c,assert_panimctrl,1
0x080e8bb4,0x09e4a4d0,assert_panimctrl_panimsequence,1
0x080e8c10,0x09e4a4a8,g2d_animation_c_filename,1
0x080e8c18,0x09e4a49c,assert_panimctrl,1
0x080e8c1c,0x09e4a4ec,assert_panimctrl_pcurrent,1
0x080e8c24,0x09e4a538,assert_void_panimctrl_pcurrent_pconte,1
0x080e8c64,0x09e4a4a8,g2d_animation_c_filename,1
0x080e8c68,0x09e4a49c,assert_panimctrl,1
0x080e8cc8,0x09e4a4a8,g2d_animation_c_filename,1
0x080e8ccc,0x09e4a4c4,assert_psequence_4c4,1
0x080e8d18,0x09e4a4a8,g2d_animation_c_filename,1
0x080e8d1c,0x09e4a4c4,assert_psequence_4c4,1
0x080e8d20,0x09e4a560,assert_pnext_pcontent,1
0x080e8d60,0x09e4a4a8,g2d_animation_c_filename,1
0x080e8d68,0x09e4a49c,assert_panimctrl,1
0x080e8d6c,0x09e4a4ec,assert_panimctrl_pcurrent,1
0x080e8db8,0x09e4a4a8,g2d_animation_c_filename,1
0x080e8dc0,0x09e4a49c,assert_panimctrl,1
0x080e8dc4,0x09e4a4ec,assert_panimctrl_pcurrent,1
0x080e8dcc,0x09e4a570,assert_frames_0,1
0x080e8e68,0x09e4a4a8,g2d_animation_c_filename,1
0x080e8e6c,0x09e4a50c,assert_pframe,1
0x080e8ea0,0x09e4a4a8,g2d_animation_c_filename,1
0x080e8ea4,0x09e4a4c4,assert_psequence_4c4,1
0x080e8f1c,0x09e4a4a8,g2d_animation_c_filename,1
0x080e8f20,0x09e4a50c,assert_pframe,1
0x080e8f24,0x09e4a4c4,assert_psequence_4c4,1
0x080e8f28,0x09e4a500,assert_pfunctor,1
0x080e8f80,0x09e4a4a8,g2d_animation_c_filename,1
0x080e8f84,0x09e4a4ec,assert_panimctrl_pcurrent,1
0x080e8fd0,0x09e4a4a8,g2d_animation_c_filename,1
0x080e8fd8,0x09e4a49c,assert_panimctrl,1
0x080e8fdc,0x09e4a4d0,assert_panimctrl_panimsequence,1
0x080e901c,0x09e4a4a8,g2d_animation_c_filename,1
0x080e9024,0x09e4a49c,assert_panimctrl,1
0x080e9028,0x09e4a4d0,assert_panimctrl_panimsequence,1
0x080e9054,0x09e4a4a8,g2d_animation_c_filename,1
0x080e9058,0x09e4a49c,assert_panimctrl,1
0x080e9094,0x09e4a4a8,g2d_animation_c_filename,1
0x080e909c,0x09e4a49c,assert_panimctrl,1
0x080e90c4,0x09e4a4a8,g2d_animation_c_filename,1
0x080e90c8,0x09e4a49c,assert_panimctrl,1
0x080e90f0,0x09e4a4a8,g2d_animation_c_filename,1
0x080e90f8,0x09e4a57c,assert_pcallback,1
0x080e9168,0x09e4a4a8,g2d_animation_c_filename,1
0x080e916c,0x09e4a4c4,assert_psequence_4c4,1
0x080e91a0,0x09e4a4a8,g2d_animation_c_filename,1
0x080e91a4,0x09e4a4c4,assert_psequence_4c4,1
0x080e91e0,0x09e4a4a8,g2d_animation_c_filename,1
0x080e91e4,0x09e4a49c,assert_panimctrl,1
0x080e91ec,0x09e4a588,assert_panimsequence,1
0x080e923c,0x09e4a4a8,g2d_animation_c_filename,1
0x080e9244,0x09e4a49c,assert_panimctrl,1
0x080e9248,0x09e4a598,assert_void_pfunc,1
0x080e9250,0x09e4a5a8,assert_type_nns_g2d_anmcallbacktype_s,1
0x080e9290,0x09e4a4a8,g2d_animation_c_filename,1
0x080e9298,0x09e4a49c,assert_panimctrl,1
0x080e92a0,0x09e4a598,assert_void_pfunc,1
0x080e9330,0x09e4a4a8,g2d_animation_c_filename,1
0x080e9338,0x09e4a49c,assert_panimctrl,1
0x080e933c,0x09e4a4d0,assert_panimctrl_panimsequence,1
0x080e93c8,0x09e4ae60,g2d_cellanimation_c_filename,1
0x080e93cc,0x09e4ad64,assert_pcellanim,1
0x080e93d0,0x09e4ae80,assert_pcellanim_pcelldatabank,1
0x080e93d4,0x09e4ae9c,assert_pcellanim_pcurrentcell,1
0x080e9490,0x09e4ae60,g2d_cellanimation_c_filename,1
0x080e9494,0x09e4ad64,assert_pcellanim,1
0x080e9498,0x09e4aeb4,assert_panimseq,1
0x080e949c,0x09e4aec0,assert_pcelldatabank,1
0x080e94f0,0x09e4ae60,g2d_cellanimation_c_filename,1
0x080e94f4,0x09e4ad64,assert_pcellanim,1
0x080e94f8,0x09e4aeb4,assert_panimseq,1
0x080e94fc,0x09e4aed0,assert_nns_g2dgetanimsequenceanimtype,1
0x080e9564,0x09e4ae60,g2d_cellanimation_c_filename,1
0x080e9568,0x09e4ad64,assert_pcellanim,1
0x080e9570,0x09e4aeb4,assert_panimseq,1
0x080e9578,0x09e4aed0,assert_nns_g2dgetanimsequenceanimtype,1
0x080e95d4,0x09e4ae60,g2d_cellanimation_c_filename,1
0x080e95d8,0x09e4ad64,assert_pcellanim,1
0x080e95e0,0x09e4af1c,assert_pcellanim_animctrl_panimsequen,1
0x080e95e8,0x09e4af40,assert_nns_g2dgetanimsequenceanimtype_f40,1
0x080e9630,0x09e4ae60,g2d_cellanimation_c_filename,1
0x080e9634,0x09e4ad64,assert_pcellanim,1
0x080e963c,0x09e4af1c,assert_pcellanim_animctrl_panimsequen,1
0x080e9684,0x09e4ae60,g2d_cellanimation_c_filename,1
0x080e968c,0x09e4ad64,assert_pcellanim,1
0x080e9690,0x09e4af1c,assert_pcellanim_animctrl_panimsequen,1
0x080e9694,0x09e4acdc,g2d_animation_inline_h_filename_cdc,1
0x080e9698,0x09e4ad04,assert_panimctrl_d04,1
0x080e9770,0x09e4ac6c,g2d_cell_data_h_filename,1
0x080e9778,0x09e4aca4,assert_pdst,1
0x080e98ec,0x09e4a5d4,g2_oam_h_filename,1
0x080e98f4,0x09e4a6ac,assert_effect_gx_oam_effect_none_effe,1
0x080e98f8,0x09e4a7b0,assert_rsparam_0_rsparam_31,1
0x080e9ac0,0x09e4b61c,g2d_image_c_filename,1
0x080e9ac8,0x09e4b7cc,assert_pimg,1
0x080e9b2c,0x09e4b61c,g2d_image_c_filename,1
0x080e9b30,0x09e4b7cc,assert_pimg,1
0x080e9b38,0x09e4b644,assert_type_nns_g2d_vram_type_3dmain,1
0x080e9b3c,0x09e4b634,assert_pvramlocation,1
0x080e9b94,0x09e4b61c,g2d_image_c_filename,1
0x080e9b98,0x09e4b7cc,assert_pimg,1
0x080e9ba0,0x09e4b644,assert_type_nns_g2d_vram_type_3dmain,1
0x080e9ba4,0x09e4b634,assert_pvramlocation,1
0x080e9c24,0x09e4b61c,g2d_image_c_filename,1
0x080e9c2c,0x09e4b7cc,assert_pimg,1
0x080e9c30,0x09e4b644,assert_type_nns_g2d_vram_type_3dmain,1
0x080e9c34,0x09e4b634,assert_pvramlocation,1
0x080e9c68,0x09e4b61c,g2d_image_c_filename,1
0x080e9c70,0x09e4b7cc,assert_pimg,1
0x080e9cd4,0x09e4b61c,g2d_image_c_filename,1
0x080e9cd8,0x09e4b7cc,assert_pimg,1
0x080e9ce0,0x09e4b644,assert_type_nns_g2d_vram_type_3dmain,1
0x080e9ce4,0x09e4b634,assert_pvramlocation,1
0x080e9d40,0x09e4b61c,g2d_image_c_filename,1
0x080e9d44,0x09e4b7cc,assert_pimg,1
0x080e9d4c,0x09e4b644,assert_type_nns_g2d_vram_type_3dmain,1
0x080e9d50,0x09e4b634,assert_pvramlocation,1
0x080e9dd4,0x09e4b61c,g2d_image_c_filename,1
0x080e9ddc,0x09e4b7cc,assert_pimg,1
0x080e9de0,0x09e4b644,assert_type_nns_g2d_vram_type_3dmain,1
0x080e9de4,0x09e4b634,assert_pvramlocation,1
0x080e9e84,0x09e4b61c,g2d_image_c_filename,1
0x080e9e8c,0x09e4b790,assert_psrcdata_790,1
0x080e9e94,0x09e4b610,assert_pimgproxy,1
0x080e9e98,0x09e4b7d4,assert_isvalid1dmappingtype_type_psrc,1
0x080e9ea0,0x09e4b808,assert_isvaliddatasize_psrcdata_type,1
0x080e9ea4,0x09e4b720,assert_nnsi_g2discharactervramtransfe,1
0x080e9ea8,0x09e4b760,assert_charfmt_nns_g2d_character_fmt,1
0x080e9ef8,0x09e4b61c,g2d_image_c_filename,1
0x080e9efc,0x09e4b788,assert_false_788,1
0x080e9f00,0x09e4b6b8,assert_psrc_6b8,1
0x080e9f04,0x09e4b6c0,assert_pdst_6c0,1
0x080ea098,0x09e4b61c,g2d_image_c_filename,1
0x080ea09c,0x09e4b6c8,assert_psrc_w_nns_g2d_1d_mapping_char,1
0x080ea134,0x09e4b61c,g2d_image_c_filename,1
0x080ea13c,0x09e4b790,assert_psrcdata_790,1
0x080ea144,0x09e4b610,assert_pimgproxy,1
0x080ea14c,0x09e4b82c,assert_psrcdata_mapingtype_gx_objvram,1
0x080ea154,0x09e4b808,assert_isvaliddatasize_psrcdata_type,1
0x080ea158,0x09e4b720,assert_nnsi_g2discharactervramtransfe,1
0x080ea15c,0x09e4b760,assert_charfmt_nns_g2d_character_fmt,1
0x080ea1ac,0x09e4b61c,g2d_image_c_filename,1
0x080ea1b0,0x09e4b788,assert_false_788,1
0x080ea1b4,0x09e4b6b8,assert_psrc_6b8,1
0x080ea1b8,0x09e4b6c0,assert_pdst_6c0,1
0x080ea34c,0x09e4b61c,g2d_image_c_filename,1
0x080ea350,0x09e4b6c8,assert_psrc_w_nns_g2d_1d_mapping_char,1
0x080ea3bc,0x09e4b61c,g2d_image_c_filename,1
0x080ea3c0,0x09e4b85c,assert_nnsi_g2discharactervramtransfe_85c,1
0x080ea3c4,0x09e4b6b8,assert_psrc_6b8,1
0x080ea3c8,0x09e4b6c0,assert_pdst_6c0,1
0x080ea55c,0x09e4b61c,g2d_image_c_filename,1
0x080ea560,0x09e4b6c8,assert_psrc_w_nns_g2d_1d_mapping_char,1
0x080ea5cc,0x09e4b61c,g2d_image_c_filename,1
0x080ea5d4,0x09e4b790,assert_psrcdata_790,1
0x080ea5d8,0x09e4b644,assert_type_nns_g2d_vram_type_3dmain,1
0x080ea5e0,0x09e4b898,assert_ppltproxy,1
0x080ea614,0x09e4b61c,g2d_image_c_filename,1
0x080ea618,0x09e4b788,assert_false_788,1
0x080ea6c8,0x09e4b61c,g2d_image_c_filename,1
0x080ea6d0,0x09e4b790,assert_psrcdata_790,1
0x080ea6d4,0x09e4b7c0,assert_pcmpinfo,1
0x080ea6dc,0x09e4b644,assert_type_nns_g2d_vram_type_3dmain,1
0x080ea6e4,0x09e4b898,assert_ppltproxy,1
0x080ea75c,0x09e4b61c,g2d_image_c_filename,1
0x080ea760,0x09e4b79c,assert_psrcdata_fmt_gx_texfmt_pltt256,1
0x080ea764,0x09e4b7c0,assert_pcmpinfo,1
0x080ea7ac,0x09e4b61c,g2d_image_c_filename,1
0x080ea7b0,0x09e4b788,assert_false_788,1
0x080ea824,0x09e4b61c,g2d_image_c_filename,1
0x080ea82c,0x09e4b634,assert_pvramlocation,1
0x080ea834,0x09e4b644,assert_type_nns_g2d_vram_type_3dmain,1
0x080ea88c,0x09e4b61c,g2d_image_c_filename,1
0x080ea894,0x09e4b634,assert_pvramlocation,1
0x080ea89c,0x09e4b644,assert_type_nns_g2d_vram_type_3dmain,1
0x080ea91c,0x09e4b61c,g2d_image_c_filename,1
0x080ea924,0x09e4b634,assert_pvramlocation,1
0x080ea92c,0x09e4b644,assert_type_nns_g2d_vram_type_3dmain,1
0x080ea994,0x09e4b61c,g2d_image_c_filename,1
0x080ea99c,0x09e4b790,assert_psrcdata_790,1
0x080ea9a4,0x09e4b644,assert_type_nns_g2d_vram_type_3dmain,1
0x080ea9a8,0x09e4b720,assert_nnsi_g2discharactervramtransfe,1
0x080ea9ac,0x09e4b760,assert_charfmt_nns_g2d_character_fmt,1
0x080ea9c4,0x09e4b61c,g2d_image_c_filename,1
0x080ea9c8,0x09e4b788,assert_false_788,1
0x080eaa4c,0x09e4b61c,g2d_image_c_filename,1
0x080eaa54,0x09e4b790,assert_psrcdata_790,1
0x080eaa5c,0x09e4b644,assert_type_nns_g2d_vram_type_3dmain,1
0x080eaa60,0x09e4b610,assert_pimgproxy,1
0x080eaa64,0x09e4b6b8,assert_psrc_6b8,1
0x080eaa68,0x09e4b6c0,assert_pdst_6c0,1
0x080eabfc,0x09e4b61c,g2d_image_c_filename,1
0x080eac00,0x09e4b6c8,assert_psrc_w_nns_g2d_1d_mapping_char,1
0x080eac54,0x09e4b61c,g2d_image_c_filename,1
0x080eac5c,0x09e4b790,assert_psrcdata_790,1
0x080eac64,0x09e4b644,assert_type_nns_g2d_vram_type_3dmain,1
0x080eac80,0x09e4b61c,g2d_image_c_filename,1
0x080eac84,0x09e4b788,assert_false_788,1
0x080ead24,0x09e4b61c,g2d_image_c_filename,1
0x080ead28,0x09e4b790,assert_psrcdata_790,1
0x080ead30,0x09e4b7c0,assert_pcmpinfo,1
0x080ead38,0x09e4b644,assert_type_nns_g2d_vram_type_3dmain,1
0x080eadac,0x09e4b61c,g2d_image_c_filename,1
0x080eadb0,0x09e4b79c,assert_psrcdata_fmt_gx_texfmt_pltt256,1
0x080eadb4,0x09e4b7c0,assert_pcmpinfo,1
0x080eade8,0x09e4b61c,g2d_image_c_filename,1
0x080eadec,0x09e4b788,assert_false_788,1
0x080eae44,0x09e4b61c,g2d_image_c_filename,1
0x080eae4c,0x09e4b790,assert_psrcdata_790,1
0x080eae54,0x09e4b644,assert_type_nns_g2d_vram_type_3dmain,1
0x080eae58,0x09e4b898,assert_ppltproxy,1
0x080eaeb8,0x09e4b61c,g2d_image_c_filename,1
0x080eaebc,0x09e4b634,assert_pvramlocation,1
0x080eaec0,0x09e4b644,assert_type_nns_g2d_vram_type_3dmain,1
0x080eaee4,0x09e4bfdc,g2d_load_c_filename,1
0x080eaee8,0x09e4bff4,assert_pbinfileheader,1
0x080eaf08,0x09e4bfdc,g2d_load_c_filename,1
0x080eaf0c,0x09e4c004,assert_pcursor,1
0x080eaf90,0x09e4c744,g2d_nan_load_c_filename,1
0x080eaf94,0x09e4c760,assert_pnanrfile,1
0x080eaf98,0x09e4c76c,assert_ppanimbank,1
0x080eb04c,0x09e4c744,g2d_nan_load_c_filename,1
0x080eb050,0x09e4c760,assert_pnanrfile,1
0x080eb054,0x09e4c76c,assert_ppanimbank,1
0x080eb05c,0x09e4c778,assert_nnsi_g2disbinfilesignaturevali,1
0x080eb060,0x09e4c7b4,assert_nnsi_g2disbinfileversionvalid,1
0x080eb0dc,0x09e4c744,g2d_nan_load_c_filename,1
0x080eb0e0,0x09e4c760,assert_pnanrfile,1
0x080eb0e4,0x09e4c76c,assert_ppanimbank,1
0x080eb0ec,0x09e4c800,assert_nnsi_g2disbinfilesignaturevali_800,1
0x080eb0f0,0x09e4c7b4,assert_nnsi_g2disbinfileversionvalid,1
0x080eb12c,0x09e4c744,g2d_nan_load_c_filename,1
0x080eb130,0x09e4c83c,assert_pdata,1
0x080eb1ec,0x09e4c744,g2d_nan_load_c_filename,1
0x080eb1f0,0x09e4c844,assert_checkanimsequencevalidity_pseq,1
0x080eb224,0x09e4c744,g2d_nan_load_c_filename,1
0x080eb22c,0x09e4c714,g2d_nan_load_h_filename,1
0x080eb2b8,0x09e4cfa4,g2d_ncg_load_c_filename,1
0x080eb2bc,0x09e4cfc0,assert_pncgrfile,1
0x080eb2c0,0x09e4cfcc,assert_ppchardata,1
0x080eb2c8,0x09e4cfd8,assert_nnsi_g2disbinfilesignaturevali_fd8,1
0x080eb2cc,0x09e4d014,assert_nnsi_g2disbinfileversionvalid_014,1
0x080eb338,0x09e4cfa4,g2d_ncg_load_c_filename,1
0x080eb33c,0x09e4d068,assert_pchardata,1
0x080eb340,0x09e4d074,assert_pchardata_pixelfmt_gx_texfmt_p,1
0x080eb3c0,0x09e4cfa4,g2d_ncg_load_c_filename,1
0x080eb3c4,0x09e4cfc0,assert_pncgrfile,1
0x080eb3c8,0x09e4cfcc,assert_ppchardata,1
0x080eb3d0,0x09e4cfd8,assert_nnsi_g2disbinfilesignaturevali_fd8,1
0x080eb3d4,0x09e4d014,assert_nnsi_g2disbinfileversionvalid_014,1
0x080eb468,0x09e4cfa4,g2d_ncg_load_c_filename,1
0x080eb46c,0x09e4cfc0,assert_pncgrfile,1
0x080eb470,0x09e4d0fc,assert_ppcharposinfo,1
0x080eb478,0x09e4cfd8,assert_nnsi_g2disbinfilesignaturevali_fd8,1
0x080eb480,0x09e4d10c,assert_nnsi_g2disbinfileversionvalid_10c,1
0x080eb4c8,0x09e4cfa4,g2d_ncg_load_c_filename,1
0x080eb4cc,0x09e4d068,assert_pchardata,1
0x080eb4d0,0x09e4d160,assert_nnsi_g2dgetcharacterfmttype_pc,1
0x080eb534,0x09e4d8f0,g2d_ncl_load_c_filename,1
0x080eb538,0x09e4d90c,assert_pplttdata,1
0x080eb53c,0x09e4d918,assert_pplttdata_prawdata,1
0x080eb5b8,0x09e4d8f0,g2d_ncl_load_c_filename,1
0x080eb5bc,0x09e4d968,assert_pnclrfile,1
0x080eb5c0,0x09e4d974,assert_pppltdata,1
0x080eb5cc,0x09e4d980,assert_pbinfile_signature_u32_nclr_pb,1
0x080eb5d0,0x09e4d9cc,assert_nnsi_g2disbinfileversionvalid_9cc,1
0x080eb658,0x09e4d8f0,g2d_ncl_load_c_filename,1
0x080eb65c,0x09e4d968,assert_pnclrfile,1
0x080eb660,0x09e4da20,assert_pppltcmpinfo,1
0x080eb66c,0x09e4d980,assert_pbinfile_signature_u32_nclr_pb,1
0x080eb670,0x09e4d9cc,assert_nnsi_g2disbinfileversionvalid_9cc,1
0x080eb6ac,0x09e4d8f0,g2d_ncl_load_c_filename,1
0x080eb6b0,0x09e4da30,assert_pplttcmpinfo,1
0x080eb6d4,0x09e4d8f0,g2d_ncl_load_c_filename,1
0x080eb6d8,0x09e4d90c,assert_pplttdata,1
0x080eb700,0x09e4e178,g2d_nob_load_c_filename,1
0x080eb704,0x09e4e0fc,assert_pcellbank,1
0x080eb73c,0x09e4e178,g2d_nob_load_c_filename,1
0x080eb740,0x09e4e194,assert_pexdata,1
0x080eb7c0,0x09e4e178,g2d_nob_load_c_filename,1
0x080eb7c4,0x09e4e19c,assert_pncerfile,1
0x080eb7c8,0x09e4e1a8,assert_ppcellbank,1
0x080eb7d0,0x09e4e1b4,assert_nnsi_g2disbinfilesignaturevali_1b4,1
0x080eb7d4,0x09e4e1f0,assert_nnsi_g2disbinfileversionvalid_1f0,1
0x080eb814,0x09e4e178,g2d_nob_load_c_filename,1
0x080eb818,0x09e4e23c,assert_pcelldata,1
0x080eb860,0x09e4e178,g2d_nob_load_c_filename,1
0x080eb864,0x09e4e23c,assert_pcelldata,1
0x080eb8dc,0x09e4e91c,g2d_srtcontrol_c_filename,1
0x080eb910,0x09e4e91c,g2d_srtcontrol_c_filename,1
0x080eb944,0x09e4e91c,g2d_srtcontrol_c_filename,1
0x080eb970,0x09e4e91c,g2d_srtcontrol_c_filename,1
0x080eb974,0x09e4e93c,assert_pctrl,1
0x080eb9c0,0x09e4e91c,g2d_srtcontrol_c_filename,1
0x080eb9c4,0x09e4e93c,assert_pctrl,1
0x080eb9c8,0x09e4e944,assert_pctrl_type_nns_g2d_srtcontrolt,1
0x080eba60,0x09e4e91c,g2d_srtcontrol_c_filename,1
0x080eba64,0x09e4e93c,assert_pctrl,1
0x080eba68,0x09e4e974,assert_pdst_974,1
0x080eba6c,0x09e4e944,assert_pctrl_type_nns_g2d_srtcontrolt,1
0x080eba70,0x09e4e8e4,fx_mtx22_h_filename,1
0x080eba74,0x09e4e8fc,assert_pdst_null_8fc,1
0x080ebaf8,0x09e4e91c,g2d_srtcontrol_c_filename,1
0x080ebafc,0x09e4e93c,assert_pctrl,1
0x080ebb00,0x09e4e974,assert_pdst_974,1
0x080ebb04,0x09e4e944,assert_pctrl_type_nns_g2d_srtcontrolt,1
0x080ebb0c,0x09e4e8e4,fx_mtx22_h_filename,1
0x080ebb10,0x09e4e8fc,assert_pdst_null_8fc,1
0x080f7e40,0x09e4f4b8,s_opdobj_c_filename,1
0x080f7e44,0x09e4f4cc,assert_ptnno_aob_ptnsect_header_p_ptn,1
0x080f7ea4,0x09e4f4b8,s_opdobj_c_filename,1
0x080f7ea8,0x09e4f500,assert_anmno_aob_anmsect_header_p_anm,1
0x080f7f88,0x09e4f4b8,s_opdobj_c_filename,1
0x080f7f8c,0x09e4f534,assert_pwork_canmwait_0,1
0x080f7f90,0x09e4f548,assert_pwork_canmcrntfrm_frmnum,1
0x080f81e0,0x09e4f4b8,s_opdobj_c_filename,1
0x080f862c,0x09e4f4b8,s_opdobj_c_filename,1
0x080f88f8,0x09e4f4b8,s_opdobj_c_filename,1
0x080f8c10,0x09e4f4b8,s_opdobj_c_filename,1
0x080f8ee8,0x09e4f4b8,s_opdobj_c_filename,1
0x080fd6e8,0x09e50724,titleex_main_c_filename,1
0x080fd6ec,0x09e5073c,assert_anmid_ig2d_getanmsequencescoun_73c,1
