slot_addr,slot_label,eol_text
0x08014744,gl_set_brightness_gl_common_c_filename,GL/GL_Common.c
0x08014748,gl_set_brightness_assert_bright_16_bright_16,bright >= -16 && bright <= 16
0x080147c4,init_blend_transition_params_gl_common_c_filename,GL/GL_Common.c
0x080147c8,init_blend_transition_params_assert_blend1_0_blend1_16,blend1 >= 0 && blend1 <= 16
0x080147cc,init_blend_transition_params_assert_blend2_0_blend2_16,blend2 >= 0 && blend2 <= 16
0x08014828,gl_set_blend2_level_gl_common_c_filename,GL/GL_Common.c
0x0801482c,gl_set_blend2_level_assert_bright_16_bright_16,bright >= -16 && bright <= 16
0x080148b8,init_blend_transition_params_ex_gl_common_c_filename,GL/GL_Common.c
0x080148c0,init_blend_transition_params_ex_assert_blend1_0_blend1_16,blend1 >= 0 && blend1 <= 16
0x080148c4,init_blend_transition_params_ex_assert_blend2_0_blend2_16,blend2 >= 0 && blend2 <= 16
0x08014c4c,copy_to_bg0_char_tiles_gl_common_c_filename,GL/GL_Common.c
0x08014c50,copy_to_bg0_char_tiles_assert_u32_psrc_0x3_0,((u32)pSrc & 0x3) == 0
0x08014c88,copy_to_bg1_char_tiles_gl_common_c_filename,GL/GL_Common.c
0x08014c90,copy_to_bg1_char_tiles_assert_u32_psrc_0x3_0,((u32)pSrc & 0x3) == 0
0x08014ccc,copy_to_bg2_char_tiles_gl_common_c_filename,GL/GL_Common.c
0x08014cd0,copy_to_bg2_char_tiles_assert_u32_psrc_0x3_0,((u32)pSrc & 0x3) == 0
0x08014d08,copy_to_bg3_char_tiles_gl_common_c_filename,GL/GL_Common.c
0x08014d10,copy_to_bg3_char_tiles_assert_u32_psrc_0x3_0,((u32)pSrc & 0x3) == 0
0x08014d48,copy_to_bg0_screen_map_gl_common_c_filename,GL/GL_Common.c
0x08014d50,copy_to_bg0_screen_map_assert_u32_psrc_0x3_0,((u32)pSrc & 0x3) == 0
0x08014d8c,copy_to_bg1_screen_map_gl_common_c_filename,GL/GL_Common.c
0x08014d90,copy_to_bg1_screen_map_assert_u32_psrc_0x3_0,((u32)pSrc & 0x3) == 0
0x08014dc8,copy_to_bg2_screen_map_gl_common_c_filename,GL/GL_Common.c
0x08014dd0,copy_to_bg2_screen_map_assert_u32_psrc_0x3_0,((u32)pSrc & 0x3) == 0
0x08014e08,copy_to_bg3_screen_map_gl_common_c_filename,GL/GL_Common.c
0x08014e10,copy_to_bg3_screen_map_assert_u32_psrc_0x3_0,((u32)pSrc & 0x3) == 0
0x08014e4c,copy_to_obj_tile_vram_gl_common_c_filename,GL/GL_Common.c
0x08014e50,copy_to_obj_tile_vram_assert_u32_psrc_0x3_0,((u32)pSrc & 0x3) == 0
0x08014f30,find_substr_offset_gl_file_c_filename,GL/GL_File.c
0x08014f34,find_substr_offset_assert_psrc,pSrc
0x08014f38,find_substr_offset_assert_pkey,pKey
0x080150d8,fs_load_gl_file_c_filename,GL/GL_File.c
0x080150dc,fs_load_assert_phead_comptype_1,pHead->compType == 1
0x08015130,get_gl_oam_entry_ptr_gl_oam_c_filename,GL/GL_Oam.c
0x08015134,get_gl_oam_entry_ptr_assert_num_32,num < 32
0x08015444,get_scrollbar_range_param_gl_scrollbar_c_filename,GL/GL_Scrollbar.c
0x08015448,get_scrollbar_range_param_assert_pthis,pThis
0x080154c0,get_scrollbar_cur_value_gl_scrollbar_c_filename,GL/GL_Scrollbar.c
0x080154c4,get_scrollbar_cur_value_assert_pthis,pThis
0x080154e8,set_scrollbar_cur_pos_gl_scrollbar_c_filename,GL/GL_Scrollbar.c
0x080154ec,set_scrollbar_cur_pos_assert_pthis,pThis
0x0801553c,advance_scrollbar_pos_one_gl_scrollbar_c_filename,GL/GL_Scrollbar.c
0x08015540,advance_scrollbar_pos_one_assert_pthis,pThis
0x08015570,retreat_scrollbar_pos_one_gl_scrollbar_c_filename,GL/GL_Scrollbar.c
0x08015574,retreat_scrollbar_pos_one_assert_pthis,pThis
0x080155b8,advance_scrollbar_pos_page_gl_scrollbar_c_filename,GL/GL_Scrollbar.c
0x080155bc,advance_scrollbar_pos_page_assert_pthis,pThis
0x080155e0,retreat_scrollbar_pos_page_gl_scrollbar_c_filename,GL/GL_Scrollbar.c
0x080155e4,retreat_scrollbar_pos_page_assert_pthis,pThis
0x0801562c,update_scrollbar_thumb_display_gl_scrollbar_c_filename,GL/GL_Scrollbar.c
0x08015630,update_scrollbar_thumb_display_assert_pthis,pThis
0x08015668,alloc_nce_buff_slot_ig2d_main_c_filename,GL/IG2D_Main.c
0x0801566c,alloc_nce_buff_slot_assert_usedncebuff_ig2d_load_anm_max,UsedNceBuff < IG2D_LOAD_ANM_MAX
0x080156a0,alloc_char_data_slot_ig2d_main_c_filename,GL/IG2D_Main.c
0x080156a4,alloc_char_data_slot_assert_usednanbuff_ig2d_load_anm_max,UsedNanBuff < IG2D_LOAD_ANM_MAX
0x08015710,get_anim_ctrl_seq_id_ig2d_main_c_filename,GL/IG2D_Main.c
0x08015714,get_anim_ctrl_seq_id_assert_psequence,pSequence
0x08015914,apply_bg_affine_by_angle_scale_ig2d_main_c_filename,GL/IG2D_Main.c
0x08015918,apply_bg_affine_by_angle_scale_assert_bg_2_bg_3,bg == 2 || bg == 3
0x08015940,resolve_bg_affine_param_offset_ig2d_main_c_filename,GL/IG2D_Main.c
0x08015a78,setup_isd_cell_anim_oam_entry_ig2d_main_c_filename,GL/IG2D_Main.c
0x08015a7c,setup_isd_cell_anim_oam_entry_assert_pcell_null,( pCell ) != NULL
0x08015af4,alloc_cell_anim_slot_ig2d_main_c_filename,GL/IG2D_Main.c
0x08015afc,alloc_cell_anim_slot_assert_usedcellanm_nelems_cellanmbank,UsedCellAnm < NELEMS(CellAnmBank)
0x08015b58,load_nce_cell_bank_from_file_ig2d_main_c_filename,GL/IG2D_Main.c
0x08015b5c,load_nce_cell_bank_from_file_assert_ppcellbank_null,( ppCellBank ) != NULL
0x08015b64,load_nce_cell_bank_from_file_assert_pfname_null,( pFname ) != NULL
0x08015bb8,load_nanr_anim_bank_from_file_ig2d_main_c_filename,GL/IG2D_Main.c
0x08015bc0,load_nanr_anim_bank_from_file_assert_ppanimbank_null,( ppAnimBank ) != NULL
0x08015bc4,load_nanr_anim_bank_from_file_assert_pfname_null,( pFname ) != NULL
0x08015c14,load_ncgr_char_data_from_file_ig2d_main_c_filename,GL/IG2D_Main.c
0x08015c1c,load_ncgr_char_data_from_file_assert_ppchardata_null,( ppCharData ) != NULL
0x08015c24,load_ncgr_char_data_from_file_assert_pfname_null,( pFname ) != NULL
0x08015c74,load_nclr_pltt_data_from_file_ig2d_main_c_filename,GL/IG2D_Main.c
0x08015c7c,load_nclr_pltt_data_from_file_assert_pppltdata_null,( ppPltData ) != NULL
0x08015c84,load_nclr_pltt_data_from_file_assert_pfname_null,( pFname ) != NULL
0x08015cd0,copy_pltt_data_to_vram_proxy_ig2d_main_c_filename,GL/IG2D_Main.c
0x08015cd8,copy_pltt_data_to_vram_proxy_assert_psrcdata,pSrcData
0x08015ce0,copy_pltt_data_to_vram_proxy_assert_ppltproxt,pPltProxt
0x08015d0c,copy_pltt_data_to_vram_proxy_ig2d_main_c_filename_d0c,GL/IG2D_Main.c
0x08015d14,copy_pltt_data_to_vram_proxy_assert_false,FALSE
0x08015e74,load_g2d_obj_resource_set_ig2d_main_c_filename,GL/IG2D_Main.c
0x08015e7c,load_g2d_obj_resource_set_assert_pbuf_null,( pBuf ) != NULL
0x08015e88,load_g2d_obj_resource_set_assert_ppanimbank_numsequences_0,(*ppAnimBank)->numSequences != 0
0x08015e90,load_g2d_obj_resource_set_assert_ppcellanim_null,( *ppCellAnim ) != NULL
0x08015e98,load_g2d_obj_resource_set_assert_ppanimbank_psequencearrayhead,( &((*ppAnimBank)->pSequenceArrayHead[i]) ) != NULL
0x080160b0,set_isd_affine_matrix_ptr_by_type_isd_draw_c_filename,GL/ISD_Draw.c
0x080160ec,get_isd_affine_matrix_ptr_from_obj_isd_draw_c_filename,GL/ISD_Draw.c
0x08016124,resolve_isd_affine_matrix_ptr_isd_draw_c_filename,GL/ISD_Draw.c
0x08016510,write_tile_region_to_bg_screen_isd_draw_c_filename,GL/ISD_Draw.c
0x08016b4c,resolve_prhlist_entry_name_ptr_prh_main_c_filename,GL/PRH_Main.c
0x08016b50,resolve_prhlist_entry_name_ptr_assert_pdst_nameid,pDst->nameID
0x08017b24,encode_str_table_entry_to_line_buf_name_main_c_filename,NameInput/Name_main.c
0x08017b2c,encode_str_table_entry_to_line_buf_assert_cnt_name_mojitbl_width_1_name,(cnt + NAME_MOJITBL_WIDTH - 1) / NAME_MOJITBL_WIDTH * NAME_M
0x08017fd8,set_name_scroll_step_name_main_c_filename,NameInput/Name_main.c
0x08017fdc,set_name_scroll_step_assert_dir_1_dir_1,dir == 1 || dir == -1
0x080182b0,render_obj_slot_cell_anim_name_main_c_filename,NameInput/Name_main.c
0x080182b4,render_obj_slot_cell_anim_assert_anmid_ig2d_getanmsequencescoun,anmID < IG2D_GetAnmSequencesCount(pThis->pAnimBank[anmID])
0x0801a19c,set_banlist_scroll_step_pass_main_c_filename,PassInput/Pass_main.c
0x0801a1a4,set_banlist_scroll_step_assert_dir_1_dir_1_59c,dir == 1 || dir == -1
0x0801a4f0,tick_banlist_card_slot_anim_oam_pass_main_c_filename,PassInput/Pass_main.c
0x0801a4f8,tick_banlist_card_slot_anim_oam_assert_anmid_ig2d_getanmsequencescoun_670,anmID < IG2D_GetAnmSequencesCount(pThis->pAnimBank[anmID])
0x0801b754,dispatch_banlist_pass_input_frame_pass_main_c_filename,PassInput/Pass_main.c
0x0801b75c,dispatch_banlist_pass_input_frame_assert_dstbuffid_0_dstbuffid_def_prhl,dstBuffID >= 0 && dstBuffID < DEF_PRHLIST_MAX
0x0801bb98,advance_shuen_cell_anim_frame_shu_main_c_filename,Shuen/SHU_main.c
0x0801bb9c,advance_shuen_cell_anim_frame_assert_anmid_ig2d_getanmsequencescoun_f84,anmID < IG2D_GetAnmSequencesCount(pThis->pAnimBank[anmID])
0x0801c62c,drive_vija_obj_cell_anim_vij_main_c_filename,Vija/VIJ_main.c
0x0801c630,drive_vija_obj_cell_anim_assert_anmid_ig2d_getanmsequencescoun_994,anmID < IG2D_GetAnmSequencesCount(pThis->pAnimBank[anmID])
0x080e85b4,scale_blend_param_struct_fx_mtx22_c_filename,nnsys/g2d/fx_mtx22.c
0x080e85b8,scale_blend_param_struct_assert_psrc_null,(pSrc) != NULL
0x080e85bc,scale_blend_param_struct_assert_pdst_null,(pDst) != NULL
0x080e863c,invert_srt_matrix_fx_mtx22_c_filename,nnsys/g2d/fx_mtx22.c
0x080e8640,invert_srt_matrix_assert_psrc_null,(pSrc) != NULL
0x080e8644,invert_srt_matrix_assert_pdst_null,(pDst) != NULL
0x080e8858,multiply_srt_matrices_fx_mtx22_c_filename,nnsys/g2d/fx_mtx22.c
0x080e885c,multiply_srt_matrices_assert_a_null,(a) != NULL
0x080e8860,multiply_srt_matrices_assert_b_null,(b) != NULL
0x080e8864,multiply_srt_matrices_assert_ab_null,(ab) != NULL
0x080e88a0,invoke_anim_functor_at_frame_g2d_animation_c_filename,nnsys/g2d/g2d_Animation.c
0x080e88a4,invoke_anim_functor_at_frame_assert_pfunctor,pFunctor
0x080e89f4,advance_anim_ctrl_frame_g2d_animation_c_filename,nnsys/g2d/g2d_Animation.c
0x080e89f8,advance_anim_ctrl_frame_assert_panimctrl,pAnimCtrl
0x080e89fc,advance_anim_ctrl_frame_assert_panimctrl_panimsequence,pAnimCtrl->pAnimSequence
0x080e8a00,advance_anim_ctrl_frame_assert_pframe,pFrame
0x080e8a04,advance_anim_ctrl_frame_assert_psequence_4c4,pSequence
0x080e8a08,advance_anim_ctrl_frame_assert_panimctrl_callbackfunctor_pfun,pAnimCtrl->callbackFunctor.pFunc
0x080e8ac8,advance_anim_ctrl_frame_g2d_animation_c_filename_ac8,nnsys/g2d/g2d_Animation.c
0x080e8acc,advance_anim_ctrl_frame_assert_panimctrl_acc,pAnimCtrl
0x080e8ad0,advance_anim_ctrl_frame_assert_panimctrl_callbackfunctor_pfun_ad0,pAnimCtrl->callbackFunctor.pFunc
0x080e8ad4,advance_anim_ctrl_frame_assert_panimctrl_panimsequence_ad4,pAnimCtrl->pAnimSequence
0x080e8ad8,advance_anim_ctrl_frame_g2d_animation_inline_h_filename,inc/nnsys/g2d/g2d_Animation_inline.h
0x080e8b24,advance_anim_ctrl_frame_g2d_animation_c_filename_b24,nnsys/g2d/g2d_Animation.c
0x080e8b28,advance_anim_ctrl_frame_assert_psequence_4c4_b28,pSequence
0x080e8b64,advance_anim_ctrl_frame_g2d_animation_c_filename_b64,nnsys/g2d/g2d_Animation.c
0x080e8b68,advance_anim_ctrl_frame_assert_psequence_4c4_b68,pSequence
0x080e8ba8,set_cell_anim_sequence_by_index_g2d_animation_c_filename,nnsys/g2d/g2d_Animation.c
0x080e8bac,set_cell_anim_sequence_by_index_assert_panimctrl,pAnimCtrl
0x080e8bb4,set_cell_anim_sequence_by_index_assert_panimctrl_panimsequence,pAnimCtrl->pAnimSequence
0x080e8c10,get_anim_ctrl_current_frame_ptr_g2d_animation_c_filename,nnsys/g2d/g2d_Animation.c
0x080e8c18,get_anim_ctrl_current_frame_ptr_assert_panimctrl,pAnimCtrl
0x080e8c1c,get_anim_ctrl_current_frame_ptr_assert_panimctrl_pcurrent,pAnimCtrl->pCurrent
0x080e8c24,get_anim_ctrl_current_frame_ptr_assert_void_panimctrl_pcurrent_pconte,(void*)pAnimCtrl->pCurrent->pContent
0x080e8c64,advance_anim_frame_ptr_clamped_g2d_animation_c_filename,nnsys/g2d/g2d_Animation.c
0x080e8c68,advance_anim_frame_ptr_clamped_assert_panimctrl,pAnimCtrl
0x080e8cc8,advance_anim_frame_ptr_clamped_g2d_animation_c_filename_cc8,nnsys/g2d/g2d_Animation.c
0x080e8ccc,advance_anim_frame_ptr_clamped_assert_psequence_4c4,pSequence
0x080e8d18,advance_anim_frame_ptr_clamped_g2d_animation_c_filename_d18,nnsys/g2d/g2d_Animation.c
0x080e8d1c,advance_anim_frame_ptr_clamped_assert_psequence_4c4_d1c,pSequence
0x080e8d20,advance_anim_frame_ptr_clamped_assert_pnext_pcontent,pNext->pContent
0x080e8d60,compute_anim_frame_index_from_pos_g2d_animation_c_filename,nnsys/g2d/g2d_Animation.c
0x080e8d68,compute_anim_frame_index_from_pos_assert_panimctrl,pAnimCtrl
0x080e8d6c,compute_anim_frame_index_from_pos_assert_panimctrl_pcurrent,pAnimCtrl->pCurrent
0x080e8db8,step_anim_ctrl_by_frames_g2d_animation_c_filename,nnsys/g2d/g2d_Animation.c
0x080e8dc0,step_anim_ctrl_by_frames_assert_panimctrl,pAnimCtrl
0x080e8dc4,step_anim_ctrl_by_frames_assert_panimctrl_pcurrent,pAnimCtrl->pCurrent
0x080e8dcc,step_anim_ctrl_by_frames_assert_frames_0,frames >= 0
0x080e8e68,step_anim_ctrl_by_frames_g2d_animation_c_filename_e68,nnsys/g2d/g2d_Animation.c
0x080e8e6c,step_anim_ctrl_by_frames_assert_pframe,pFrame
0x080e8ea0,step_anim_ctrl_by_frames_g2d_animation_c_filename_ea0,nnsys/g2d/g2d_Animation.c
0x080e8ea4,step_anim_ctrl_by_frames_assert_psequence_4c4,pSequence
0x080e8f1c,step_anim_ctrl_by_frames_g2d_animation_c_filename_f1c,nnsys/g2d/g2d_Animation.c
0x080e8f20,step_anim_ctrl_by_frames_assert_pframe_f20,pFrame
0x080e8f24,step_anim_ctrl_by_frames_assert_psequence_4c4_f24,pSequence
0x080e8f28,step_anim_ctrl_by_frames_assert_pfunctor,pFunctor
0x080e8f80,step_anim_ctrl_by_frames_g2d_animation_c_filename_f80,nnsys/g2d/g2d_Animation.c
0x080e8f84,step_anim_ctrl_by_frames_assert_panimctrl_pcurrent_f84,pAnimCtrl->pCurrent
0x080e8fd0,set_cell_anim_sequence_by_idx_guarded_g2d_animation_c_filename,nnsys/g2d/g2d_Animation.c
0x080e8fd8,set_cell_anim_sequence_by_idx_guarded_assert_panimctrl,pAnimCtrl
0x080e8fdc,set_cell_anim_sequence_by_idx_guarded_assert_panimctrl_panimsequence,pAnimCtrl->pAnimSequence
0x080e901c,set_cell_anim_sequence_raw_g2d_animation_c_filename,nnsys/g2d/g2d_Animation.c
0x080e9024,set_cell_anim_sequence_raw_assert_panimctrl,pAnimCtrl
0x080e9028,set_cell_anim_sequence_raw_assert_panimctrl_panimsequence,pAnimCtrl->pAnimSequence
0x080e9054,get_anim_ctrl_frame_offset_g2d_animation_c_filename,nnsys/g2d/g2d_Animation.c
0x080e9058,get_anim_ctrl_frame_offset_assert_panimctrl,pAnimCtrl
0x080e9094,init_anim_ctrl_g2d_animation_c_filename,nnsys/g2d/g2d_Animation.c
0x080e909c,init_anim_ctrl_assert_panimctrl,pAnimCtrl
0x080e90c4,clear_anim_ctrl_aux_fields_g2d_animation_c_filename,nnsys/g2d/g2d_Animation.c
0x080e90c8,clear_anim_ctrl_aux_fields_assert_panimctrl,pAnimCtrl
0x080e90f0,zero_anim_ctrl_fields_g2d_animation_c_filename,nnsys/g2d/g2d_Animation.c
0x080e90f8,zero_anim_ctrl_fields_assert_pcallback,pCallBack
0x080e9168,set_anim_ctrl_position_fwd_g2d_animation_c_filename,nnsys/g2d/g2d_Animation.c
0x080e916c,set_anim_ctrl_position_fwd_assert_psequence_4c4,pSequence
0x080e91a0,set_anim_ctrl_position_fwd_g2d_animation_c_filename_1a0,nnsys/g2d/g2d_Animation.c
0x080e91a4,set_anim_ctrl_position_fwd_assert_psequence_4c4_1a4,pSequence
0x080e91e0,bind_anim_ctrl_callback_g2d_animation_c_filename,nnsys/g2d/g2d_Animation.c
0x080e91e4,bind_anim_ctrl_callback_assert_panimctrl,pAnimCtrl
0x080e91ec,bind_anim_ctrl_callback_assert_panimsequence,pAnimSequence
0x080e923c,set_cell_anim_callback_fields_g2d_animation_c_filename,nnsys/g2d/g2d_Animation.c
0x080e9244,set_cell_anim_callback_fields_assert_panimctrl,pAnimCtrl
0x080e9248,set_cell_anim_callback_fields_assert_void_pfunc,(void*)pFunc
0x080e9250,set_cell_anim_callback_fields_assert_type_nns_g2d_anmcallbacktype_s,type != NNS_G2D_ANMCALLBACKTYPE_SPEC_FRM
0x080e9290,set_cell_anim_callback_type2_g2d_animation_c_filename,nnsys/g2d/g2d_Animation.c
0x080e9298,set_cell_anim_callback_type2_assert_panimctrl,pAnimCtrl
0x080e92a0,set_cell_anim_callback_type2_assert_void_pfunc,(void*)pFunc
0x080e9330,check_anim_ctrl_loop_is_reversible_g2d_animation_c_filename,nnsys/g2d/g2d_Animation.c
0x080e9338,check_anim_ctrl_loop_is_reversible_assert_panimctrl,pAnimCtrl
0x080e933c,check_anim_ctrl_loop_is_reversible_assert_panimctrl_panimsequence,pAnimCtrl->pAnimSequence
0x080e93c8,apply_cell_anim_frame_g2d_cellanimation_c_filename,nnsys/g2d/g2d_CellAnimation.c
0x080e93cc,apply_cell_anim_frame_assert_pcellanim,pCellAnim
0x080e93d0,apply_cell_anim_frame_assert_pcellanim_pcelldatabank,pCellAnim->pCellDataBank
0x080e93d4,apply_cell_anim_frame_assert_pcellanim_pcurrentcell,pCellAnim->pCurrentCell
0x080e9490,bind_cell_anim_to_bank_g2d_cellanimation_c_filename,nnsys/g2d/g2d_CellAnimation.c
0x080e9494,bind_cell_anim_to_bank_assert_pcellanim,pCellAnim
0x080e9498,bind_cell_anim_to_bank_assert_panimseq,pAnimSeq
0x080e949c,bind_cell_anim_to_bank_assert_pcelldatabank,pCellDataBank
0x080e94f0,init_cell_anim_with_seq_g2d_cellanimation_c_filename,nnsys/g2d/g2d_CellAnimation.c
0x080e94f4,init_cell_anim_with_seq_assert_pcellanim,pCellAnim
0x080e94f8,init_cell_anim_with_seq_assert_panimseq,pAnimSeq
0x080e94fc,init_cell_anim_with_seq_assert_nns_g2dgetanimsequenceanimtype,NNS_G2dGetAnimSequenceAnimType( pAnimSeq ) == NNS_G2D_ANIMAT
0x080e9564,init_cell_anim_sequence_and_frame_g2d_cellanimation_c_filename,nnsys/g2d/g2d_CellAnimation.c
0x080e9568,init_cell_anim_sequence_and_frame_assert_pcellanim,pCellAnim
0x080e9570,init_cell_anim_sequence_and_frame_assert_panimseq,pAnimSeq
0x080e9578,init_cell_anim_sequence_and_frame_assert_nns_g2dgetanimsequenceanimtype,NNS_G2dGetAnimSequenceAnimType( pAnimSeq ) == NNS_G2D_ANIMAT
0x080e95d4,advance_cell_anim_frame_guarded_g2d_cellanimation_c_filename,nnsys/g2d/g2d_CellAnimation.c
0x080e95d8,advance_cell_anim_frame_guarded_assert_pcellanim,pCellAnim
0x080e95e0,advance_cell_anim_frame_guarded_assert_pcellanim_animctrl_panimsequen,pCellAnim->animCtrl.pAnimSequence
0x080e95e8,advance_cell_anim_frame_guarded_assert_nns_g2dgetanimsequenceanimtype_f40,NNS_G2dGetAnimSequenceAnimType( pCellAnim->animCtrl.pAnimSeq
0x080e9630,step_cell_anim_sequence_guarded_g2d_cellanimation_c_filename,nnsys/g2d/g2d_CellAnimation.c
0x080e9634,step_cell_anim_sequence_guarded_assert_pcellanim,pCellAnim
0x080e963c,step_cell_anim_sequence_guarded_assert_pcellanim_animctrl_panimsequen,pCellAnim->animCtrl.pAnimSequence
0x080e9684,set_cell_anim_ctrl_speed_g2d_cellanimation_c_filename,nnsys/g2d/g2d_CellAnimation.c
0x080e968c,set_cell_anim_ctrl_speed_assert_pcellanim,pCellAnim
0x080e9690,set_cell_anim_ctrl_speed_assert_pcellanim_animctrl_panimsequen,pCellAnim->animCtrl.pAnimSequence
0x080e9694,set_cell_anim_ctrl_speed_g2d_animation_inline_h_filename_cdc,inc/nnsys/g2d/g2d_Animation_inline.h
0x080e9698,set_cell_anim_ctrl_speed_assert_panimctrl_d04,pAnimCtrl
0x080e9770,build_oam_attrs_from_cell_with_affine_g2d_cell_data_h_filename,inc/nnsys/g2d/fmt/g2d_Cell_data.h
0x080e9778,build_oam_attrs_from_cell_with_affine_assert_pdst,pDst
0x080e98ec,build_oam_attrs_from_cell_with_affine_g2_oam_h_filename,inc/nitro/g2_oam.h
0x080e98f4,build_oam_attrs_from_cell_with_affine_assert_effect_gx_oam_effect_none_effe,(effect) == GX_OAM_EFFECT_NONE || (effect) == GX_OAM_EFFECT_
0x080e98f8,build_oam_attrs_from_cell_with_affine_assert_rsparam_0_rsparam_31,(rsParam) >= ( 0) && (rsParam) <= ( 31)
0x080e9ac0,init_img_proxy_fields_g2d_image_c_filename,nnsys/g2d/g2d_Image.c
0x080e9ac8,init_img_proxy_fields_assert_pimg,pImg
0x080e9b2c,set_img_proxy_vram_location_g2d_image_c_filename,nnsys/g2d/g2d_Image.c
0x080e9b30,set_img_proxy_vram_location_assert_pimg,pImg
0x080e9b38,set_img_proxy_vram_location_assert_type_nns_g2d_vram_type_3dmain,( type ) == NNS_G2D_VRAM_TYPE_3DMAIN || ( type ) == NNS_G2D_
0x080e9b3c,set_img_proxy_vram_location_assert_pvramlocation,pVramLocation
0x080e9b94,get_img_proxy_vram_location_g2d_image_c_filename,nnsys/g2d/g2d_Image.c
0x080e9b98,get_img_proxy_vram_location_assert_pimg,pImg
0x080e9ba0,get_img_proxy_vram_location_assert_type_nns_g2d_vram_type_3dmain,( type ) == NNS_G2D_VRAM_TYPE_3DMAIN || ( type ) == NNS_G2D_
0x080e9ba4,get_img_proxy_vram_location_assert_pvramlocation,pVramLocation
0x080e9c24,check_img_proxy_vram_location_valid_g2d_image_c_filename,nnsys/g2d/g2d_Image.c
0x080e9c2c,check_img_proxy_vram_location_valid_assert_pimg,pImg
0x080e9c30,check_img_proxy_vram_location_valid_assert_type_nns_g2d_vram_type_3dmain,( type ) == NNS_G2D_VRAM_TYPE_3DMAIN || ( type ) == NNS_G2D_
0x080e9c34,check_img_proxy_vram_location_valid_assert_pvramlocation,pVramLocation
0x080e9c68,init_renderer_img_proxy_fields_g2d_image_c_filename,nnsys/g2d/g2d_Image.c
0x080e9c70,init_renderer_img_proxy_fields_assert_pimg,pImg
0x080e9cd4,set_img_proxy_vram_slot_g2d_image_c_filename,nnsys/g2d/g2d_Image.c
0x080e9cd8,set_img_proxy_vram_slot_assert_pimg,pImg
0x080e9ce0,set_img_proxy_vram_slot_assert_type_nns_g2d_vram_type_3dmain,( type ) == NNS_G2D_VRAM_TYPE_3DMAIN || ( type ) == NNS_G2D_
0x080e9ce4,set_img_proxy_vram_slot_assert_pvramlocation,pVramLocation
0x080e9d40,get_renderer_img_proxy_vram_location_g2d_image_c_filename,nnsys/g2d/g2d_Image.c
0x080e9d44,get_renderer_img_proxy_vram_location_assert_pimg,pImg
0x080e9d4c,get_renderer_img_proxy_vram_location_assert_type_nns_g2d_vram_type_3dmain,( type ) == NNS_G2D_VRAM_TYPE_3DMAIN || ( type ) == NNS_G2D_
0x080e9d50,get_renderer_img_proxy_vram_location_assert_pvramlocation,pVramLocation
0x080e9dd4,check_renderer_img_proxy_vram_location_valid_g2d_image_c_filename,nnsys/g2d/g2d_Image.c
0x080e9ddc,check_renderer_img_proxy_vram_location_valid_assert_pimg,pImg
0x080e9de0,check_renderer_img_proxy_vram_location_valid_assert_type_nns_g2d_vram_type_3dmain,( type ) == NNS_G2D_VRAM_TYPE_3DMAIN || ( type ) == NNS_G2D_
0x080e9de4,check_renderer_img_proxy_vram_location_valid_assert_pvramlocation,pVramLocation
0x080e9e84,load_img_proxy_to_vram_g2d_image_c_filename,nnsys/g2d/g2d_Image.c
0x080e9e8c,load_img_proxy_to_vram_assert_psrcdata_790,pSrcData
0x080e9e94,load_img_proxy_to_vram_assert_pimgproxy,pImgProxy
0x080e9e98,load_img_proxy_to_vram_assert_isvalid1dmappingtype_type_psrc,IsValid1DMappingType_( type  pSrcData->mapingType )
0x080e9ea0,load_img_proxy_to_vram_assert_isvaliddatasize_psrcdata_type,IsValidDataSize_( pSrcData  type )
0x080e9ea4,load_img_proxy_to_vram_assert_nnsi_g2discharactervramtransfe,!NNSi_G2dIsCharacterVramTransfered( pSrcData->characterFmt )
0x080e9ea8,load_img_proxy_to_vram_assert_charfmt_nns_g2d_character_fmt,charFmt == NNS_G2D_CHARACTER_FMT_CHAR
0x080e9ef8,load_img_proxy_to_vram_g2d_image_c_filename_ef8,nnsys/g2d/g2d_Image.c
0x080e9efc,load_img_proxy_to_vram_assert_false_788,FALSE
0x080e9f00,load_img_proxy_to_vram_assert_psrc_6b8,pSrc
0x080e9f04,load_img_proxy_to_vram_assert_pdst_6c0,pDst
0x080ea098,load_img_proxy_to_vram_g2d_image_c_filename_098,nnsys/g2d/g2d_Image.c
0x080ea09c,load_img_proxy_to_vram_assert_psrc_w_nns_g2d_1d_mapping_char,(pSrc->W == NNS_G2D_1D_MAPPING_CHAR_SIZE) && (pSrc->H == NNS
0x080ea134,load_img_proxy_to_vram_1d_g2d_image_c_filename,nnsys/g2d/g2d_Image.c
0x080ea13c,load_img_proxy_to_vram_1d_assert_psrcdata_790,pSrcData
0x080ea144,load_img_proxy_to_vram_1d_assert_pimgproxy,pImgProxy
0x080ea14c,load_img_proxy_to_vram_1d_assert_psrcdata_mapingtype_gx_objvram,pSrcData->mapingType == GX_OBJVRAMMODE_CHAR_2D
0x080ea154,load_img_proxy_to_vram_1d_assert_isvaliddatasize_psrcdata_type,IsValidDataSize_( pSrcData  type )
0x080ea158,load_img_proxy_to_vram_1d_assert_nnsi_g2discharactervramtransfe,!NNSi_G2dIsCharacterVramTransfered( pSrcData->characterFmt )
0x080ea15c,load_img_proxy_to_vram_1d_assert_charfmt_nns_g2d_character_fmt,charFmt == NNS_G2D_CHARACTER_FMT_CHAR
0x080ea1ac,load_img_proxy_to_vram_1d_g2d_image_c_filename_1ac,nnsys/g2d/g2d_Image.c
0x080ea1b0,load_img_proxy_to_vram_1d_assert_false_788,FALSE
0x080ea1b4,load_img_proxy_to_vram_1d_assert_psrc_6b8,pSrc
0x080ea1b8,load_img_proxy_to_vram_1d_assert_pdst_6c0,pDst
0x080ea34c,load_img_proxy_to_vram_1d_g2d_image_c_filename_34c,nnsys/g2d/g2d_Image.c
0x080ea350,load_img_proxy_to_vram_1d_assert_psrc_w_nns_g2d_1d_mapping_char,(pSrc->W == NNS_G2D_1D_MAPPING_CHAR_SIZE) && (pSrc->H == NNS
0x080ea3bc,load_img_proxy_to_vram_vt_g2d_image_c_filename,nnsys/g2d/g2d_Image.c
0x080ea3c0,load_img_proxy_to_vram_vt_assert_nnsi_g2discharactervramtransfe_85c,NNSi_G2dIsCharacterVramTransfered( pSrcData->characterFmt )
0x080ea3c4,load_img_proxy_to_vram_vt_assert_psrc_6b8,pSrc
0x080ea3c8,load_img_proxy_to_vram_vt_assert_pdst_6c0,pDst
0x080ea55c,load_img_proxy_to_vram_vt_g2d_image_c_filename_55c,nnsys/g2d/g2d_Image.c
0x080ea560,load_img_proxy_to_vram_vt_assert_psrc_w_nns_g2d_1d_mapping_char,(pSrc->W == NNS_G2D_1D_MAPPING_CHAR_SIZE) && (pSrc->H == NNS
0x080ea5cc,load_palette_proxy_to_vram_g2d_image_c_filename,nnsys/g2d/g2d_Image.c
0x080ea5d4,load_palette_proxy_to_vram_assert_psrcdata_790,pSrcData
0x080ea5d8,load_palette_proxy_to_vram_assert_type_nns_g2d_vram_type_3dmain,( type ) == NNS_G2D_VRAM_TYPE_3DMAIN || ( type ) == NNS_G2D_
0x080ea5e0,load_palette_proxy_to_vram_assert_ppltproxy,pPltProxy
0x080ea614,load_palette_proxy_to_vram_g2d_image_c_filename_614,nnsys/g2d/g2d_Image.c
0x080ea618,load_palette_proxy_to_vram_assert_false_788,FALSE
0x080ea6c8,load_pltt_bank_proxy_to_vram_g2d_image_c_filename,nnsys/g2d/g2d_Image.c
0x080ea6d0,load_pltt_bank_proxy_to_vram_assert_psrcdata_790,pSrcData
0x080ea6d4,load_pltt_bank_proxy_to_vram_assert_pcmpinfo,pCmpInfo
0x080ea6dc,load_pltt_bank_proxy_to_vram_assert_type_nns_g2d_vram_type_3dmain,( type ) == NNS_G2D_VRAM_TYPE_3DMAIN || ( type ) == NNS_G2D_
0x080ea6e4,load_pltt_bank_proxy_to_vram_assert_ppltproxy,pPltProxy
0x080ea75c,load_pltt_bank_proxy_to_vram_g2d_image_c_filename_75c,nnsys/g2d/g2d_Image.c
0x080ea760,load_pltt_bank_proxy_to_vram_assert_psrcdata_fmt_gx_texfmt_pltt256,pSrcData->fmt == GX_TEXFMT_PLTT256
0x080ea764,load_pltt_bank_proxy_to_vram_assert_pcmpinfo_764,pCmpInfo
0x080ea7ac,load_pltt_bank_proxy_to_vram_g2d_image_c_filename_7ac,nnsys/g2d/g2d_Image.c
0x080ea7b0,load_pltt_bank_proxy_to_vram_assert_false_788,FALSE
0x080ea824,set_renderer_img_proxy_vram_location_g2d_image_c_filename,nnsys/g2d/g2d_Image.c
0x080ea82c,set_renderer_img_proxy_vram_location_assert_pvramlocation,pVramLocation
0x080ea834,set_renderer_img_proxy_vram_location_assert_type_nns_g2d_vram_type_3dmain,( type ) == NNS_G2D_VRAM_TYPE_3DMAIN || ( type ) == NNS_G2D_
0x080ea88c,get_vram_location_slot_value_g2d_image_c_filename,nnsys/g2d/g2d_Image.c
0x080ea894,get_vram_location_slot_value_assert_pvramlocation,pVramLocation
0x080ea89c,get_vram_location_slot_value_assert_type_nns_g2d_vram_type_3dmain,( type ) == NNS_G2D_VRAM_TYPE_3DMAIN || ( type ) == NNS_G2D_
0x080ea91c,check_vram_location_slot_set_g2d_image_c_filename,nnsys/g2d/g2d_Image.c
0x080ea924,check_vram_location_slot_set_assert_pvramlocation,pVramLocation
0x080ea92c,check_vram_location_slot_set_assert_type_nns_g2d_vram_type_3dmain,( type ) == NNS_G2D_VRAM_TYPE_3DMAIN || ( type ) == NNS_G2D_
0x080ea994,copy_char_data_to_obj_vram_by_type_g2d_image_c_filename,nnsys/g2d/g2d_Image.c
0x080ea99c,copy_char_data_to_obj_vram_by_type_assert_psrcdata_790,pSrcData
0x080ea9a4,copy_char_data_to_obj_vram_by_type_assert_type_nns_g2d_vram_type_3dmain,( type ) == NNS_G2D_VRAM_TYPE_3DMAIN || ( type ) == NNS_G2D_
0x080ea9a8,copy_char_data_to_obj_vram_by_type_assert_nnsi_g2discharactervramtransfe,!NNSi_G2dIsCharacterVramTransfered( pSrcData->characterFmt )
0x080ea9ac,copy_char_data_to_obj_vram_by_type_assert_charfmt_nns_g2d_character_fmt,charFmt == NNS_G2D_CHARACTER_FMT_CHAR
0x080ea9c4,copy_char_data_to_obj_vram_by_type_g2d_image_c_filename_9c4,nnsys/g2d/g2d_Image.c
0x080ea9c8,copy_char_data_to_obj_vram_by_type_assert_false_788,FALSE
0x080eaa4c,dispatch_char_data_to_vram_by_type_g2d_image_c_filename,nnsys/g2d/g2d_Image.c
0x080eaa54,dispatch_char_data_to_vram_by_type_assert_psrcdata_790,pSrcData
0x080eaa5c,dispatch_char_data_to_vram_by_type_assert_type_nns_g2d_vram_type_3dmain,( type ) == NNS_G2D_VRAM_TYPE_3DMAIN || ( type ) == NNS_G2D_
0x080eaa60,dispatch_char_data_to_vram_by_type_assert_pimgproxy,pImgProxy
0x080eaa64,dispatch_char_data_to_vram_by_type_assert_psrc_6b8,pSrc
0x080eaa68,dispatch_char_data_to_vram_by_type_assert_pdst_6c0,pDst
0x080eabfc,dispatch_char_data_to_vram_by_type_g2d_image_c_filename_bfc,nnsys/g2d/g2d_Image.c
0x080eac00,dispatch_char_data_to_vram_by_type_assert_psrc_w_nns_g2d_1d_mapping_char,(pSrc->W == NNS_G2D_1D_MAPPING_CHAR_SIZE) && (pSrc->H == NNS
0x080eac54,upload_pltt_data_to_2dmain_palette_g2d_image_c_filename,nnsys/g2d/g2d_Image.c
0x080eac5c,upload_pltt_data_to_2dmain_palette_assert_psrcdata_790,pSrcData
0x080eac64,upload_pltt_data_to_2dmain_palette_assert_type_nns_g2d_vram_type_3dmain,( type ) == NNS_G2D_VRAM_TYPE_3DMAIN || ( type ) == NNS_G2D_
0x080eac80,upload_pltt_data_to_2dmain_palette_g2d_image_c_filename_c80,nnsys/g2d/g2d_Image.c
0x080eac84,upload_pltt_data_to_2dmain_palette_assert_false_788,FALSE
0x080ead24,upload_pltt_entries_to_palette_vram_g2d_image_c_filename,nnsys/g2d/g2d_Image.c
0x080ead28,upload_pltt_entries_to_palette_vram_assert_psrcdata_790,pSrcData
0x080ead30,upload_pltt_entries_to_palette_vram_assert_pcmpinfo,pCmpInfo
0x080ead38,upload_pltt_entries_to_palette_vram_assert_type_nns_g2d_vram_type_3dmain,( type ) == NNS_G2D_VRAM_TYPE_3DMAIN || ( type ) == NNS_G2D_
0x080eadac,upload_pltt_entries_to_palette_vram_g2d_image_c_filename_dac,nnsys/g2d/g2d_Image.c
0x080eadb0,upload_pltt_entries_to_palette_vram_assert_psrcdata_fmt_gx_texfmt_pltt256,pSrcData->fmt == GX_TEXFMT_PLTT256
0x080eadb4,upload_pltt_entries_to_palette_vram_assert_pcmpinfo_db4,pCmpInfo
0x080eade8,upload_pltt_entries_to_palette_vram_g2d_image_c_filename_de8,nnsys/g2d/g2d_Image.c
0x080eadec,upload_pltt_entries_to_palette_vram_assert_false_788,FALSE
0x080eae44,init_plt_proxy_vram_slot_from_src_g2d_image_c_filename,nnsys/g2d/g2d_Image.c
0x080eae4c,init_plt_proxy_vram_slot_from_src_assert_psrcdata_790,pSrcData
0x080eae54,init_plt_proxy_vram_slot_from_src_assert_type_nns_g2d_vram_type_3dmain,( type ) == NNS_G2D_VRAM_TYPE_3DMAIN || ( type ) == NNS_G2D_
0x080eae58,init_plt_proxy_vram_slot_from_src_assert_ppltproxy,pPltProxy
0x080eaeb8,check_vram_location_slot_g2d_image_c_filename,nnsys/g2d/g2d_Image.c
0x080eaebc,check_vram_location_slot_assert_pvramlocation,pVramLocation
0x080eaec0,check_vram_location_slot_assert_type_nns_g2d_vram_type_3dmain,( type ) == NNS_G2D_VRAM_TYPE_3DMAIN || ( type ) == NNS_G2D_
0x080eaee4,find_bin_block_by_type_g2d_load_c_filename,nnsys/g2d/g2d_Load.c
0x080eaee8,find_bin_block_by_type_assert_pbinfileheader,pBinFileHeader
0x080eaf08,find_bin_block_by_type_g2d_load_c_filename_f08,nnsys/g2d/g2d_Load.c
0x080eaf0c,find_bin_block_by_type_assert_pcursor,pCursor
0x080eaf90,link_nanr_anim_bank_g2d_nan_load_c_filename,nnsys/g2d/g2d_NAN_load.c
0x080eaf94,link_nanr_anim_bank_assert_pnanrfile,pNanrFile
0x080eaf98,link_nanr_anim_bank_assert_ppanimbank,ppAnimBank
0x080eb04c,load_nanr_anim_bank_g2d_nan_load_c_filename,nnsys/g2d/g2d_NAN_load.c
0x080eb050,load_nanr_anim_bank_assert_pnanrfile,pNanrFile
0x080eb054,load_nanr_anim_bank_assert_ppanimbank,ppAnimBank
0x080eb05c,load_nanr_anim_bank_assert_nnsi_g2disbinfilesignaturevali,NNSi_G2dIsBinFileSignatureValid( pNanrFile  (u32)'NANR' )
0x080eb060,load_nanr_anim_bank_assert_nnsi_g2disbinfileversionvalid,NNSi_G2dIsBinFileVersionValid( pNanrFile  NNS_G2dMakeVersion
0x080eb0dc,load_nmar_anim_bank_g2d_nan_load_c_filename,nnsys/g2d/g2d_NAN_load.c
0x080eb0e0,load_nmar_anim_bank_assert_pnanrfile,pNanrFile
0x080eb0e4,load_nmar_anim_bank_assert_ppanimbank,ppAnimBank
0x080eb0ec,load_nmar_anim_bank_assert_nnsi_g2disbinfilesignaturevali_800,NNSi_G2dIsBinFileSignatureValid( pNanrFile  (u32)'NMAR' )
0x080eb0f0,load_nmar_anim_bank_assert_nnsi_g2disbinfileversionvalid,NNSi_G2dIsBinFileVersionValid( pNanrFile  NNS_G2dMakeVersion
0x080eb12c,relocate_nanr_block_ptrs_g2d_nan_load_c_filename,nnsys/g2d/g2d_NAN_load.c
0x080eb130,relocate_nanr_block_ptrs_assert_pdata,pData
0x080eb1ec,relocate_nanr_block_ptrs_g2d_nan_load_c_filename_1ec,nnsys/g2d/g2d_NAN_load.c
0x080eb1f0,relocate_nanr_block_ptrs_assert_checkanimsequencevalidity_pseq,CheckAnimSequenceValidity_( &pSeq[i] )
0x080eb224,get_anim_sequence_ptr_by_index_g2d_nan_load_c_filename,nnsys/g2d/g2d_NAN_load.c
0x080eb22c,get_anim_sequence_ptr_by_index_g2d_nan_load_h_filename,inc/nnsys/g2d/load/g2d_NAN_load.h
0x080eb2b8,parse_ncgr_char_data_g2d_ncg_load_c_filename,nnsys/g2d/g2d_NCG_load.c
0x080eb2bc,parse_ncgr_char_data_assert_pncgrfile,pNcgrFile
0x080eb2c0,parse_ncgr_char_data_assert_ppchardata,ppCharData
0x080eb2c8,parse_ncgr_char_data_assert_nnsi_g2disbinfilesignaturevali_fd8,NNSi_G2dIsBinFileSignatureValid( pNcgrFile  (u32)'NCGR' )
0x080eb2cc,parse_ncgr_char_data_assert_nnsi_g2disbinfileversionvalid_014,NNSi_G2dIsBinFileVersionValid( pNcgrFile  NNS_G2dMakeVersion
0x080eb338,fixup_char_block_data_ptr_g2d_ncg_load_c_filename,nnsys/g2d/g2d_NCG_load.c
0x080eb33c,fixup_char_block_data_ptr_assert_pchardata,pCharData
0x080eb340,fixup_char_block_data_ptr_assert_pchardata_pixelfmt_gx_texfmt_p,( pCharData->pixelFmt == GX_TEXFMT_PLTT16 && pCharData->W ==
0x080eb3c0,load_ncgr_char_data_block_g2d_ncg_load_c_filename,nnsys/g2d/g2d_NCG_load.c
0x080eb3c4,load_ncgr_char_data_block_assert_pncgrfile,pNcgrFile
0x080eb3c8,load_ncgr_char_data_block_assert_ppchardata,ppCharData
0x080eb3d0,load_ncgr_char_data_block_assert_nnsi_g2disbinfilesignaturevali_fd8,NNSi_G2dIsBinFileSignatureValid( pNcgrFile  (u32)'NCGR' )
0x080eb3d4,load_ncgr_char_data_block_assert_nnsi_g2disbinfileversionvalid_014,NNSi_G2dIsBinFileVersionValid( pNcgrFile  NNS_G2dMakeVersion
0x080eb468,find_ncgr_char_pos_block_g2d_ncg_load_c_filename,nnsys/g2d/g2d_NCG_load.c
0x080eb46c,find_ncgr_char_pos_block_assert_pncgrfile,pNcgrFile
0x080eb470,find_ncgr_char_pos_block_assert_ppcharposinfo,ppCharPosInfo
0x080eb478,find_ncgr_char_pos_block_assert_nnsi_g2disbinfilesignaturevali_fd8,NNSi_G2dIsBinFileSignatureValid( pNcgrFile  (u32)'NCGR' )
0x080eb480,find_ncgr_char_pos_block_assert_nnsi_g2disbinfileversionvalid_10c,NNSi_G2dIsBinFileVersionValid( pNcgrFile  NNS_G2dMakeVersion
0x080eb4c8,fixup_ncgr_char_data_ptr_g2d_ncg_load_c_filename,nnsys/g2d/g2d_NCG_load.c
0x080eb4cc,fixup_ncgr_char_data_ptr_assert_pchardata,pCharData
0x080eb4d0,fixup_ncgr_char_data_ptr_assert_nnsi_g2dgetcharacterfmttype_pc,NNSi_G2dGetCharacterFmtType( pCharData->characterFmt ) == NN
0x080eb534,dump_nclr_palette_entries_g2d_ncl_load_c_filename,nnsys/g2d/g2d_NCL_load.c
0x080eb538,dump_nclr_palette_entries_assert_pplttdata,pPlttData
0x080eb53c,dump_nclr_palette_entries_assert_pplttdata_prawdata,pPlttData->pRawData
0x080eb5b8,load_nclr_pltt_data_g2d_ncl_load_c_filename,nnsys/g2d/g2d_NCL_load.c
0x080eb5bc,load_nclr_pltt_data_assert_pnclrfile,pNclrFile
0x080eb5c0,load_nclr_pltt_data_assert_pppltdata,ppPltData
0x080eb5cc,load_nclr_pltt_data_assert_pbinfile_signature_u32_nclr_pb,pBinFile->signature == (u32)'NCLR' || pBinFile->signature ==
0x080eb5d0,load_nclr_pltt_data_assert_nnsi_g2disbinfileversionvalid_9cc,NNSi_G2dIsBinFileVersionValid( pNclrFile  NNS_G2dMakeVersion
0x080eb658,load_nclr_pcmp_block_g2d_ncl_load_c_filename,nnsys/g2d/g2d_NCL_load.c
0x080eb65c,load_nclr_pcmp_block_assert_pnclrfile,pNclrFile
0x080eb660,load_nclr_pcmp_block_assert_pppltcmpinfo,ppPltCmpInfo
0x080eb66c,load_nclr_pcmp_block_assert_pbinfile_signature_u32_nclr_pb,pBinFile->signature == (u32)'NCLR' || pBinFile->signature ==
0x080eb670,load_nclr_pcmp_block_assert_nnsi_g2disbinfileversionvalid_9cc,NNSi_G2dIsBinFileVersionValid( pNclrFile  NNS_G2dMakeVersion
0x080eb6ac,fixup_pcmp_cmpinfo_data_ptr_g2d_ncl_load_c_filename,nnsys/g2d/g2d_NCL_load.c
0x080eb6b0,fixup_pcmp_cmpinfo_data_ptr_assert_pplttcmpinfo,pPlttCmpInfo
0x080eb6d4,relocate_ncl_pltt_data_ptr_g2d_ncl_load_c_filename,nnsys/g2d/g2d_NCL_load.c
0x080eb6d8,relocate_ncl_pltt_data_ptr_assert_pplttdata,pPlttData
0x080eb700,get_nob_cell_data_offset_g2d_nob_load_c_filename,nnsys/g2d/g2d_NOB_load.c
0x080eb704,get_nob_cell_data_offset_assert_pcellbank,pCellBank
0x080eb73c,relocate_nob_exdata_block_ptrs_g2d_nob_load_c_filename,nnsys/g2d/g2d_NOB_load.c
0x080eb740,relocate_nob_exdata_block_ptrs_assert_pexdata,pExData
0x080eb7c0,load_ncer_cell_bank_g2d_nob_load_c_filename,nnsys/g2d/g2d_NOB_load.c
0x080eb7c4,load_ncer_cell_bank_assert_pncerfile,pNcerFile
0x080eb7c8,load_ncer_cell_bank_assert_ppcellbank,ppCellBank
0x080eb7d0,load_ncer_cell_bank_assert_nnsi_g2disbinfilesignaturevali_1b4,NNSi_G2dIsBinFileSignatureValid( pNcerFile  (u32)'NCER' )
0x080eb7d4,load_ncer_cell_bank_assert_nnsi_g2disbinfileversionvalid_1f0,NNSi_G2dIsBinFileVersionValid( pNcerFile  NNS_G2dMakeVersion
0x080eb814,get_nob_cell_data_ptr_g2d_nob_load_c_filename,nnsys/g2d/g2d_NOB_load.c
0x080eb818,get_nob_cell_data_ptr_assert_pcelldata,pCellData
0x080eb860,relocate_nob_cell_bank_ptrs_g2d_nob_load_c_filename,nnsys/g2d/g2d_NOB_load.c
0x080eb864,relocate_nob_cell_bank_ptrs_assert_pcelldata,pCellData
0x080eb8dc,set_nob_cell_position_g2d_srtcontrol_c_filename,nnsys/g2d/g2d_SRTControl.c
0x080eb910,set_nob_cell_frame_idx_g2d_srtcontrol_c_filename,nnsys/g2d/g2d_SRTControl.c
0x080eb944,set_srt_ctrl_translate_g2d_srtcontrol_c_filename,nnsys/g2d/g2d_SRTControl.c
0x080eb970,bind_srt_ctrl_data_g2d_srtcontrol_c_filename,nnsys/g2d/g2d_SRTControl.c
0x080eb974,bind_srt_ctrl_data_assert_pctrl,pCtrl
0x080eb9c0,init_srt_ctrl_state_g2d_srtcontrol_c_filename,nnsys/g2d/g2d_SRTControl.c
0x080eb9c4,init_srt_ctrl_state_assert_pctrl,pCtrl
0x080eb9c8,init_srt_ctrl_state_assert_pctrl_type_nns_g2d_srtcontrolt,( pCtrl->type ) == NNS_G2D_SRTCONTROLTYPE_SRT
0x080eba60,init_blend_param_from_srt_src_g2d_srtcontrol_c_filename,nnsys/g2d/g2d_SRTControl.c
0x080eba64,init_blend_param_from_srt_src_assert_pctrl,pCtrl
0x080eba68,init_blend_param_from_srt_src_assert_pdst_974,pDst
0x080eba6c,init_blend_param_from_srt_src_assert_pctrl_type_nns_g2d_srtcontrolt,( pCtrl->type ) == NNS_G2D_SRTCONTROLTYPE_SRT
0x080eba70,init_blend_param_from_srt_src_fx_mtx22_h_filename,inc/nitro/fx_mtx22.h
0x080eba74,init_blend_param_from_srt_src_assert_pdst_null_8fc,(pDst) != NULL
0x080ebaf8,init_blend_param_from_srt_dst_g2d_srtcontrol_c_filename,nnsys/g2d/g2d_SRTControl.c
0x080ebafc,init_blend_param_from_srt_dst_assert_pctrl,pCtrl
0x080ebb00,init_blend_param_from_srt_dst_assert_pdst_974,pDst
0x080ebb04,init_blend_param_from_srt_dst_assert_pctrl_type_nns_g2d_srtcontrolt,( pCtrl->type ) == NNS_G2D_SRTCONTROLTYPE_SRT
0x080ebb0c,init_blend_param_from_srt_dst_fx_mtx22_h_filename,inc/nitro/fx_mtx22.h
0x080ebb10,init_blend_param_from_srt_dst_assert_pdst_null_8fc,(pDst) != NULL
0x080f7e40,resolve_aob_pattern_entry_ptr_s_opdobj_c_filename,system/s_opdobj.c
0x080f7e44,resolve_aob_pattern_entry_ptr_assert_ptnno_aob_ptnsect_header_p_ptn,PtnNo < ((AOB_PTNSECT_HEADER*)p_ptnsect)->PtnNum
0x080f7ea4,init_aob_ctx_with_anm_entry_s_opdobj_c_filename,system/s_opdobj.c
0x080f7ea8,init_aob_ctx_with_anm_entry_assert_anmno_aob_anmsect_header_p_anm,AnmNo < ((AOB_ANMSECT_HEADER*)p_anmsect)->AnmNum
0x080f7f88,tick_aob_frame_counter_s_opdobj_c_filename,system/s_opdobj.c
0x080f7f8c,tick_aob_frame_counter_assert_pwork_canmwait_0,pWork->cAnmWait > 0
0x080f7f90,tick_aob_frame_counter_assert_pwork_canmcrntfrm_frmnum,pWork->cAnmCrntFrm < frmnum
0x080f81e0,render_aob_frame_to_oam_s_opdobj_c_filename,system/s_opdobj.c
0x080f862c,render_aob_sprite_with_rot_scale_s_opdobj_c_filename,system/s_opdobj.c
0x080f88f8,render_aob_sprite_with_rot_scale_s_opdobj_c_filename_8f8,system/s_opdobj.c
0x080f8c10,render_aob_sprite_with_scale_diag_s_opdobj_c_filename,system/s_opdobj.c
0x080f8ee8,render_aob_sprite_with_scale_diag_s_opdobj_c_filename_ee8,system/s_opdobj.c
0x080fd6e8,tick_title_ex_cell_anim_slot_titleex_main_c_filename,titleEx/TitleEx_main.c
0x080fd6ec,tick_title_ex_cell_anim_slot_assert_anmid_ig2d_getanmsequencescoun_73c,anmID < IG2D_GetAnmSequencesCount(pThis->pAnimBank[anmID])
